{
    "Afghanistan": [
        "Badakhshan",
        "Badghis",
        "Baghlan",
        "Balkh",
        "Bamyan",
        "Daykundi",
        "Farah",
        "Faryab",
        "Ghazni",
        "Ghor",
        "Hilmand",
        "Hirat",
        "Jawzjan",
        "Kabul",
        "Kandahar",
        "Kapisa",
        "Kunar",
        "Kunduz",
        "Nangarhar",
        "Nimroz",
        "Nuristan",
        "Paktya",
        "Panjshir",
        "Parwan",
        "Sari Pul",
        "Takhar",
        "Wardak",
        "Zabul"
    ],
    "Åland": [
        "Finström",
        "Mariehamn"
    ],
    "Albania": [
        "Berat",
        "Dibër",
        "Durrës",
        "Fier",
        "Korçë",
        "Lezhë",
        "Shkodër",
        "Tiranë",
        "Vlorë"
    ],
    "Algeria": [
        "Alger",
        "Annaba",
        "Batna",
        "Béchar",
        "Biskra",
        "Constantine",
        "Khenchela",
        "Oran",
        "Ouargla",
        "Sétif",
        "Tiaret",
        "Tlemcen"
    ],
    "American Samoa": [
        "Eastern"
    ],
    "Andorra": [
        "Andorra la Vella"
    ],
    "Angola": [
        "Cabinda",
        "Huíla",
        "Luanda",
        "Zaire"
    ],
    "Antarctica": [],
    "Antigua and Barbuda": [],
    "Argentina": [
        "Buenos Aires",
        "Catamarca",
        "Chaco",
        "Ciudad de Buenos Aires",
        "Córdoba",
        "Misiones",
        "Río Negro",
        "Salta",
        "Santa Cruz",
        "Santa Fe",
        "Santiago del Estero",
        "Tierra del Fuego",
        "Tucumán"
    ],
    "Armenia": [
        "Aragatsotn",
        "Ararat",
        "Armavir",
        "Erevan",
        "Gegharkunik",
        "Kotayk",
        "Lori",
        "Shirak",
        "Syunik",
        "Tavush",
        "Vayots Dzor"
    ],
    "Aruba": [],
    "Australia": [
        "Australian Capital Territory",
        "New South Wales",
        "Northern Territory",
        "Queensland",
        "South Australia",
        "Tasmania",
        "Victoria",
        "Western Australia"
    ],
    "Austria": [
        "Burgenland",
        "Kärnten",
        "Niederösterreich",
        "Oberösterreich",
        "Salzburg",
        "Steiermark",
        "Tirol",
        "Vorarlberg",
        "Wien"
    ],
    "Azerbaijan": [
        "Absheron",
        "Aran",
        "Daglig-Shirvan",
        "Ganja-Qazakh",
        "Kalbajar-Lachin",
        "Lankaran",
        "Nakhchivan",
        "Quba-Khachmaz",
        "Shaki-Zaqatala",
        "Yukhari-Karabakh"
    ],
    "Bahamas": [
        "New Providence"
    ],
    "Bahrain": [
        "Capital"
    ],
    "Bangladesh": [
        "Chittagong",
        "Dhaka",
        "Khulna",
        "Rajshahi",
        "Rangpur"
    ],
    "Barbados": [],
    "Belarus": [
        "Brest",
        "Homyel'",
        "Hrodna",
        "Mahilyow",
        "Minsk",
        "Vitsyebsk"
    ],
    "Belgium": [
        "Bruxelles",
        "Vlaanderen",
        "Wallonie"
    ],
    "Belize": [
        "Cayo"
    ],
    "Benin": [
        "Alibori",
        "Borgou",
        "Littoral",
        "Ouémé",
        "Zou"
    ],
    "Bermuda": [
        "Devonshire"
    ],
    "Bhutan": [
        "Thimphu"
    ],
    "Bolivia": [
        "La Paz",
        "Potosí",
        "Santa Cruz"
    ],
    "Bosnia and Herzegovina": [
        "Federacija Bosna i Hercegovina",
        "Repuplika Srpska"
    ],
    "Botswana": [
        "North-West"
    ],
    "Brazil": [
        "Amazonas",
        "Bahia",
        "Distrito Federal",
        "Goiás",
        "Mato Grosso",
        "Mato Grosso do Sul",
        "Minas Gerais",
        "Pará",
        "Paraíba",
        "Paraná",
        "Pernambuco",
        "Rio de Janeiro",
        "Rio Grande do Norte",
        "Rio Grande do Sul",
        "Santa Catarina",
        "São Paulo",
        "Tocantins"
    ],
    "Brunei": [],
    "Bulgaria": [
        "Blagoevgrad",
        "Burgas",
        "Dobrich",
        "Gabrovo",
        "Grad Sofiya",
        "Haskovo",
        "Kardzhali",
        "Kyustendil",
        "Lovech",
        "Montana",
        "Pazardzhik",
        "Pernik",
        "Pleven",
        "Plovdiv",
        "Razgrad",
        "Ruse",
        "Shumen",
        "Silistra",
        "Sliven",
        "Smolyan",
        "Sofia",
        "Stara Zagora",
        "Targovishte",
        "Varna",
        "Veliko Tarnovo",
        "Vidin",
        "Vratsa",
        "Yambol"
    ],
    "Burkina Faso": [
        "Boucle du Mouhoun",
        "Centre-Sud",
        "Haut-Bassins"
    ],
    "Burundi": [
        "Bujumbura Mairie",
        "Gitega",
        "Muramvya"
    ],
    "Cambodia": [
        "Kâmpóng Cham",
        "Kâmpóng Thum",
        "Phnom Penh",
        "Pouthisat",
        "Siemréab",
        "Takêv",
        "Tbong Khmum"
    ],
    "Cameroon": [
        "Centre",
        "Nord",
        "Nord-Ouest",
        "Sud",
        "Sud-Ouest"
    ],
    "Canada": [
        "Alberta",
        "British Columbia",
        "Manitoba",
        "New Brunswick",
        "Newfoundland and Labrador",
        "Northwest Territories",
        "Nova Scotia",
        "Nunavut",
        "Ontario",
        "Québec",
        "Saskatchewan",
        "Yukon"
    ],
    "Caspian Sea": [],
    "Central African Republic": [
        "Basse-Kotto",
        "Nana-Grébizi",
        "Nana-Mambéré",
        "Ombella-M'Poko",
        "Ouaka"
    ],
    "Chad": [
        "Kanem",
        "Moyen-Chari",
        "Ville de N'Djamena"
    ],
    "Chile": [
        "Arica y Parinacota",
        "Atacama",
        "Bío-Bío",
        "Magallanes y Antártica Chilena",
        "Región Metropolitana de Santiago",
        "Valparaíso"
    ],
    "China": [
        "Anhui",
        "Beijing",
        "Chongqing",
        "Fujian",
        "Gansu",
        "Guangdong",
        "Guangxi",
        "Guizhou",
        "Hainan",
        "Hebei",
        "Heilongjiang",
        "Henan",
        "Hubei",
        "Hunan",
        "Jiangsu",
        "Jiangxi",
        "Jilin",
        "Liaoning",
        "Nei Mongol",
        "Ningxia Hui",
        "Qinghai",
        "Shaanxi",
        "Shandong",
        "Shanghai",
        "Shanxi",
        "Sichuan",
        "Tianjin",
        "Xinjiang Uygur",
        "Xizang",
        "Yunnan",
        "Zhejiang"
    ],
    "Cocos Islands": [],
    "Colombia": [
        "Antioquia",
        "Bolívar",
        "Chocó",
        "Cundinamarca",
        "Huila",
        "Norte de Santander",
        "Valle del Cauca"
    ],
    "Comoros": [],
    "Cook Islands": [],
    "Costa Rica": [
        "Heredia",
        "San José"
    ],
    "Côte d'Ivoire": [
        "Comoé",
        "Denguélé"
    ],
    "Croatia": [
        "Brodsko-Posavska",
        "Dubrovacko-Neretvanska",
        "Grad Zagreb",
        "Istarska",
        "Koprivničko-Križevačka",
        "Krapinsko-Zagorska",
        "Licko-Senjska",
        "Osjecko-Baranjska",
        "Primorsko-Goranska",
        "Šibensko-Kninska",
        "Sisacko-Moslavacka",
        "Splitsko-Dalmatinska",
        "Varaždinska",
        "Viroviticko-Podravska",
        "Zadarska"
    ],
    "Cuba": [
        "Camagüey",
        "Cienfuegos",
        "Ciudad de la Habana",
        "Granma",
        "Guantánamo",
        "Holguín",
        "La Habana",
        "Matanzas",
        "Pinar del Río",
        "Sancti Spíritus",
        "Santiago de Cuba",
        "Villa Clara"
    ],
    "Cyprus": [
        "Famagusta",
        "Larnaca",
        "Limassol",
        "Nicosia",
        "Paphos"
    ],
    "Czech Republic": [
        "Jihočeský",
        "Jihomoravský",
        "Karlovarský",
        "Kraj Vysočina",
        "Královéhradecký",
        "Liberecký",
        "Moravskoslezský",
        "Olomoucký",
        "Pardubický",
        "Plzeňský",
        "Prague",
        "Středočeský",
        "Ústecký",
        "Zlínský"
    ],
    "Democratic Republic of the Congo": [
        "Haut-Katanga",
        "Haut-Lomami",
        "Haut-Uélé",
        "Kasaï-Central",
        "Kinshasa",
        "Kongo-Central",
        "Kwilu",
        "Lualaba",
        "Maniema",
        "Sankuru",
        "Tshopo"
    ],
    "Denmark": [
        "Hovedstaden",
        "Midtjylland",
        "Nordjylland",
        "Sjælland",
        "Syddanmark"
    ],
    "Djibouti": [],
    "Dominican Republic": [
        "Distrito Nacional",
        "La Altagracia",
        "San Juan",
        "San Pedro de Macorís",
        "Sánchez Ramírez"
    ],
    "Ecuador": [
        "Esmeraldas",
        "Guayas",
        "Pichincha"
    ],
    "Egypt": [
        "Al Bahr al Ahmar",
        "Al Buhayrah",
        "Al Fayyum",
        "Al Gharbiyah",
        "Al Iskandariyah",
        "Al Isma`iliyah",
        "Al Jizah",
        "Al Minya",
        "Al Qahirah",
        "Al Qalyubiyah",
        "Al Uqsur",
        "Al Wadi al Jadid",
        "As Suways",
        "Ash Sharqiyah",
        "Aswan",
        "Bur Sa`id",
        "Janub Sina'",
        "Matrouh",
        "Qina",
        "Shamal Sina'",
        "Suhaj"
    ],
    "El Salvador": [
        "San Salvador"
    ],
    "Equatorial Guinea": [
        "Bioko Norte",
        "Wele-Nzas"
    ],
    "Eritrea": [
        "Anseba",
        "Debub",
        "Maekel",
        "Semenawi Keyih Bahri"
    ],
    "Estonia": [
        "Harju",
        "Hiiu",
        "Ida-Viru",
        "Järva",
        "Jõgeva",
        "Lääne",
        "Lääne-Viru",
        "Pärnu",
        "Põlva",
        "Saare",
        "Tartu",
        "Valga",
        "Viljandi",
        "Võru"
    ],
    "Ethiopia": [
        "Addis Abeba",
        "Amhara",
        "Benshangul-Gumaz",
        "Harari People",
        "Oromia",
        "Somali",
        "Southern Nations, Nationalities and Peoples",
        "Tigray"
    ],
    "Falkland Islands": [],
    "Fiji": [
        "Central",
        "Eastern",
        "Western"
    ],
    "Finland": [
        "Eastern Finland",
        "Lapland",
        "Oulu",
        "Southern Finland",
        "Western Finland"
    ],
    "France": [
        "Auvergne-Rhône-Alpes",
        "Bourgogne-Franche-Comté",
        "Bretagne",
        "Centre-Val de Loire",
        "Corse",
        "Grand Est",
        "Hauts-de-France",
        "Île-de-France",
        "Normandie",
        "Nouvelle-Aquitaine",
        "Occitanie",
        "Pays de la Loire",
        "Provence-Alpes-Côte d'Azur"
    ],
    "French Guiana": [
        "Cayenne",
        "Saint-Laurent-du-Maroni"
    ],
    "French Polynesia": [
        "Îles du Vent"
    ],
    "French Southern Territories": [
        "Kerguelen"
    ],
    "Gabon": [
        "Moyen-Ogooué"
    ],
    "Gambia": [],
    "Georgia": [
        "Abkhazia",
        "Ajaria",
        "Guria",
        "Imereti",
        "Kakheti",
        "Kvemo Kartli",
        "Mtskheta-Mtianeti",
        "Racha-Lechkhumi-Kvemo Svaneti",
        "Samegrelo-Zemo Svaneti",
        "Samtskhe-Javakheti",
        "Shida Kartli",
        "Tbilisi"
    ],
    "Germany": [
        "Baden-Württemberg",
        "Bayern",
        "Berlin",
        "Brandenburg",
        "Bremen",
        "Hamburg",
        "Hessen",
        "Mecklenburg-Vorpommern",
        "Niedersachsen",
        "Nordrhein-Westfalen",
        "Rheinland-Pfalz",
        "Saarland",
        "Sachsen",
        "Sachsen-Anhalt",
        "Schleswig-Holstein",
        "Thüringen"
    ],
    "Ghana": [
        "Ashanti",
        "Central",
        "Greater Accra",
        "Northern"
    ],
    "Gibraltar": [],
    "Greece": [
        "Aegean",
        "Athos",
        "Attica",
        "Crete",
        "Epirus and Western Macedonia",
        "Macedonia and Thrace",
        "Peloponnese, Western Greece and the Ionian Islands",
        "Thessaly and Central Greece"
    ],
    "Greenland": [
        "Qaasuitsup",
        "Sermersooq"
    ],
    "Grenada": [],
    "Guadeloupe": [
        "Basse-Terre"
    ],
    "Guatemala": [
        "Baja Verapaz"
    ],
    "Guernsey": [
        "Alderney",
        "Saint Andrew"
    ],
    "Guinea": [
        "Conakry",
        "Faranah",
        "Kankan",
        "Mamou"
    ],
    "Guinea-Bissau": [
        "Biombo"
    ],
    "Guyana": [
        "Barima-Waini",
        "Demerara-Mahaica"
    ],
    "Haiti": [
        "Nord-Ouest",
        "Ouest"
    ],
    "Honduras": [
        "Francisco Morazán"
    ],
    "Hong Kong": [
        "Central and Western",
        "Kowloon City",
        "North",
        "Tai Po",
        "Yau Tsim Mong"
    ],
    "Hungary": [
        "Bács-Kiskun",
        "Baranya",
        "Békés",
        "Borsod-Abaúj-Zemplén",
        "Budapest",
        "Csongrád",
        "Fejér",
        "Gyor-Moson-Sopron",
        "Hajdú-Bihar",
        "Heves",
        "Jász-Nagykun-Szolnok",
        "Komárom-Esztergom",
        "Nógrád",
        "Pest",
        "Somogy",
        "Szabolcs-Szatmár-Bereg",
        "Tolna",
        "Vas",
        "Veszprém",
        "Zala"
    ],
    "Iceland": [
        "Hálshreppur",
        "Höfuðborgarsvæði",
        "Suðurland",
        "Vesturland"
    ],
    "India": [
        "Andaman and Nicobar",
        "Andhra Pradesh",
        "Assam",
        "Bihar",
        "Chandigarh",
        "Chhattisgarh",
        "Goa",
        "Gujarat",
        "Haryana",
        "Himachal Pradesh",
        "Jammu and Kashmir",
        "Jharkhand",
        "Karnataka",
        "Kerala",
        "Madhya Pradesh",
        "Maharashtra",
        "Manipur",
        "Meghalaya",
        "Nagaland",
        "NCT of Delhi",
        "Odisha",
        "Puducherry",
        "Punjab",
        "Rajasthan",
        "Tamil Nadu",
        "Telangana",
        "Tripura",
        "Uttar Pradesh",
        "Uttarakhand",
        "West Bengal"
    ],
    "Indonesia": [
        "Aceh",
        "Bali",
        "Banten",
        "Jakarta Raya",
        "Jawa Barat",
        "Jawa Tengah",
        "Jawa Timur",
        "Kalimantan Barat",
        "Kalimantan Timur",
        "Lampung",
        "Maluku",
        "Nusa Tenggara Barat",
        "Nusa Tenggara Timur",
        "Papua",
        "Papua Barat",
        "Riau",
        "Sulawesi Selatan",
        "Sulawesi Tengah",
        "Sulawesi Tenggara",
        "Sulawesi Utara",
        "Sumatera Barat",
        "Sumatera Selatan",
        "Sumatera Utara",
        "Yogyakarta"
    ],
    "Iran": [
        "Alborz",
        "Ardebil",
        "East Azarbaijan",
        "Esfahan",
        "Fars",
        "Gilan",
        "Golestan",
        "Hamadan",
        "Hormozgan",
        "Kerman",
        "Kermanshah",
        "Khuzestan",
        "Kordestan",
        "Lorestan",
        "Markazi",
        "Mazandaran",
        "North Khorasan",
        "Qazvin",
        "Razavi Khorasan",
        "Semnan",
        "Sistan and Baluchestan",
        "Tehran",
        "West Azarbaijan",
        "Yazd",
        "Zanjan"
    ],
    "Iraq": [
        "Al-Anbar",
        "Al-Basrah",
        "Al-Qadisiyah",
        "Arbil",
        "At-Ta'mim",
        "Babil",
        "Baghdad",
        "Dhi-Qar",
        "Diyala",
        "Karbala'",
        "Ninawa",
        "Wasit"
    ],
    "Ireland": [
        "Cavan",
        "Cork",
        "Dublin",
        "Kerry",
        "Kildare",
        "Kilkenny",
        "Leitrim",
        "Limerick",
        "Monaghan",
        "Roscommon",
        "Tipperary",
        "Waterford",
        "Westmeath",
        "Wicklow"
    ],
    "Isle of Man": [
        "Middle"
    ],
    "Israel": [
        "HaDarom",
        "Haifa",
        "HaMerkaz",
        "HaZafon",
        "Jerusalem",
        "Tel Aviv"
    ],
    "Italy": [
        "Abruzzo",
        "Apulia",
        "Basilicata",
        "Calabria",
        "Campania",
        "Emilia-Romagna",
        "Friuli-Venezia Giulia",
        "Lazio",
        "Liguria",
        "Lombardia",
        "Marche",
        "Molise",
        "Piemonte",
        "Sardegna",
        "Sicily",
        "Toscana",
        "Trentino-Alto Adige",
        "Umbria",
        "Valle d'Aosta",
        "Veneto"
    ],
    "Jamaica": [
        "Kingston"
    ],
    "Japan": [
        "Aichi",
        "Akita",
        "Aomori",
        "Chiba",
        "Ehime",
        "Fukui",
        "Fukuoka",
        "Fukushima",
        "Gifu",
        "Gunma",
        "Hiroshima",
        "Hokkaido",
        "Hyōgo",
        "Ibaraki",
        "Ishikawa",
        "Iwate",
        "Kagawa",
        "Kagoshima",
        "Kanagawa",
        "Kochi",
        "Kumamoto",
        "Kyoto",
        "Mie",
        "Miyagi",
        "Miyazaki",
        "Nagano",
        "Naoasaki",
        "Nara",
        "Niigata",
        "Okayama",
        "Okinawa",
        "Osaka",
        "Saga",
        "Saitama",
        "Shiga",
        "Shimane",
        "Shizuoka",
        "Tochigi",
        "Tokushima",
        "Tokyo",
        "Tottori",
        "Toyama",
        "Yamagata",
        "Yamaguchi",
        "Yamanashi"
    ],
    "Jersey": [
        "Saint Helier"
    ],
    "Jordan": [
        "Amman",
        "Irbid"
    ],
    "Kazakhstan": [
        "Almaty",
        "Aqmola",
        "Aqtöbe",
        "Atyrau",
        "East Kazakhstan",
        "Mangghystau",
        "North Kazakhstan",
        "Pavlodar",
        "Qaraghandy",
        "Qostanay",
        "Qyzylorda",
        "South Kazakhstan",
        "West Kazakhstan",
        "Zhambyl"
    ],
    "Kenya": [
        "Laikipia",
        "Meru",
        "Mombasa",
        "Nairobi",
        "Turkana",
        "Uasin Gishu"
    ],
    "Kosovo": [
        "Gnjilane",
        "Pećki",
        "Pristina",
        "Prizren"
    ],
    "Kuwait": [
        "Al Jahrah",
        "Al Kuwayt"
    ],
    "Kyrgyzstan": [
        "Batken",
        "Biškek",
        "Chüy",
        "Jalal-Abad",
        "Naryn",
        "Osh",
        "Osh (city)",
        "Talas",
        "Ysyk-Köl"
    ],
    "Laos": [
        "Champasak",
        "Houaphan",
        "Khammouan",
        "Louangphrabang",
        "Phôngsali",
        "Vientiane",
        "Vientiane [prefecture]"
    ],
    "Latvia": [
        "Kurzeme",
        "Latgale",
        "Riga",
        "Vidzeme",
        "Zemgale"
    ],
    "Lebanon": [
        "Akkar",
        "Baalbak - Hermel",
        "Beirut",
        "Bekaa",
        "Mount Lebanon",
        "North",
        "South"
    ],
    "Lesotho": [
        "Maseru"
    ],
    "Liberia": [
        "GrandGedeh",
        "Montserrado"
    ],
    "Libya": [
        "Al Jabal al Akhdar",
        "Al Jabal al Gharbi",
        "Al Marj",
        "Benghazi",
        "Ghat",
        "Nalut",
        "Tripoli"
    ],
    "Liechtenstein": [
        "Balzers",
        "Valduz"
    ],
    "Lithuania": [
        "Alytaus",
        "Kauno",
        "Klaipedos",
        "Marijampoles",
        "Panevezio",
        "Šiauliai",
        "Taurages",
        "Telšiai",
        "Utenos",
        "Vilniaus"
    ],
    "Luxembourg": [
        "Grevenmacher",
        "Luxembourg"
    ],
    "Macao": [
        "Macau"
    ],
    "Macedonia": [
        "Aerodrom",
        "Berovo",
        "Bitola",
        "Čair",
        "Čaška",
        "Centar",
        "Debar",
        "Demir Hisar",
        "Demir Kapija",
        "Drugovo",
        "Gevgelija",
        "Gjorče Petrov",
        "Gostivar",
        "Ilinden",
        "Kavadartsi",
        "Kratovo",
        "Kumanovo",
        "Negotino",
        "Novatsi",
        "Novo Selo",
        "Ohrid",
        "Radoviš",
        "Rosoman",
        "Štip",
        "Struga",
        "Vasilevo",
        "Vinitsa"
    ],
    "Madagascar": [
        "Antananarivo",
        "Antsiranana",
        "Toamasina"
    ],
    "Malawi": [
        "Lilongwe",
        "Nkhotakota"
    ],
    "Malaysia": [
        "Johor",
        "Kelantan",
        "Kuala Lumpur",
        "Melaka",
        "Pahang",
        "Perak",
        "Pulau Pinang",
        "Sabah",
        "Sarawak",
        "Selangor",
        "Trengganu"
    ],
    "Maldives": [],
    "Mali": [
        "Bamako",
        "Gao",
        "Ségou",
        "Sikasso"
    ],
    "Malta": [
        "Nofsinhar",
        "Tramuntana",
        "Xlokk"
    ],
    "Martinique": [
        "Fort-de-France"
    ],
    "Mauritania": [
        "Hodh ech Chargui"
    ],
    "Mauritius": [
        "Moka",
        "Port Louis"
    ],
    "Mayotte": [
        "Acoua"
    ],
    "Mexico": [
        "Aguascalientes",
        "Baja California Sur",
        "Campeche",
        "Chiapas",
        "Chihuahua",
        "Colima",
        "Distrito Federal",
        "Durango",
        "Guanajuato",
        "Guerrero",
        "Hidalgo",
        "Jalisco",
        "México",
        "Michoacán",
        "Morelos",
        "Nayarit",
        "Nuevo León",
        "Oaxaca",
        "Puebla",
        "Querétaro",
        "Sinaloa",
        "Sonora",
        "Tabasco",
        "Tamaulipas",
        "Veracruz",
        "Yucatán",
        "Zacatecas"
    ],
    "Micronesia": [
        "Yap"
    ],
    "Moldova": [
        "Anenii Noi",
        "Bălţi",
        "Bender",
        "Briceni",
        "Cahul",
        "Calarasi",
        "Cantemir",
        "Causeni",
        "Chişinău",
        "Cimişlia",
        "Criuleni",
        "Donduseni",
        "Drochia",
        "Edineţ",
        "Făleşti",
        "Floreşti",
        "Găgăuzia",
        "Glodeni",
        "Hîncesti",
        "Ialoveni",
        "Nisporeni",
        "Ocniţa",
        "Orhei",
        "Rezina",
        "Soroca",
        "Ştefan Voda",
        "Străşeni",
        "Taraclia",
        "Teleneşti",
        "Transnistria",
        "Ungheni"
    ],
    "Monaco": [],
    "Mongolia": [
        "Arhangay",
        "Bayan-Ölgiy",
        "Bayanhongor",
        "Dornod",
        "Dundgovi",
        "Dzavhan",
        "Govisümber",
        "Hovd",
        "Orhon",
        "Övörhangay",
        "Sühbaatar",
        "Töv",
        "Ulaanbaatar",
        "Uvs"
    ],
    "Montenegro": [
        "Cetinje",
        "Herceg Novi",
        "Nikšic",
        "Podgorica"
    ],
    "Morocco": [
        "Doukkala - Abda",
        "Grand Casablanca",
        "Marrakech - Tensift - Al Haouz",
        "Meknès - Tafilalet",
        "Rabat - Salé - Zemmour - Zaer",
        "Souss - Massa - Draâ",
        "Tanger - Tétouan"
    ],
    "Mozambique": [
        "Cabo Delgado",
        "Gaza",
        "Maputo City",
        "Sofala"
    ],
    "Myanmar": [
        "Bago",
        "Kachin",
        "Kayin",
        "Mandalay",
        "Mon",
        "Naypyitaw",
        "Sagaing",
        "Shan",
        "Tanintharyi",
        "Yangon"
    ],
    "Namibia": [
        "!Karas",
        "Omaheke"
    ],
    "Nepal": [
        "Central",
        "East",
        "Mid-Western",
        "West"
    ],
    "Netherlands": [
        "Drenthe",
        "Friesland",
        "Gelderland",
        "Groningen",
        "IJsselmeer",
        "Limburg",
        "Noord-Brabant",
        "Noord-Holland",
        "Overijssel",
        "Utrecht",
        "Zeeland",
        "Zuid-Holland"
    ],
    "New Caledonia": [
        "Nord",
        "Sud"
    ],
    "New Zealand": [
        "Auckland",
        "Canterbury",
        "Hawke's Bay",
        "Otago",
        "Waikato",
        "Wellington"
    ],
    "Nicaragua": [
        "Managua",
        "Masaya"
    ],
    "Niger": [
        "Agadez",
        "Tahoua"
    ],
    "Nigeria": [
        "Abia",
        "Anambra",
        "Federal Capital Territory",
        "Lagos",
        "Osun",
        "Oyo"
    ],
    "Niue": [],
    "North Korea": [
        "Hamgyŏng-bukto",
        "Hamgyŏng-namdo",
        "Hwanghae-bukto",
        "Kaesŏng",
        "Kangwŏn-do",
        "P'yŏngan-namdo",
        "P'yŏngyang",
        "Rasŏn",
        "Sinŭiju"
    ],
    "Northern Cyprus": [
        "Nicosia"
    ],
    "Northern Mariana Islands": [],
    "Norway": [
        "Ãstfold",
        "Aust-Agder",
        "Buskerud",
        "Finnmark",
        "Hedmark",
        "Hordaland",
        "Møre og Romsdal",
        "Nord-Trøndelag",
        "Nordland",
        "Oppland",
        "Oslo",
        "Rogaland",
        "Sogn og Fjordane",
        "Sør-Trøndelag",
        "Telemark",
        "Troms",
        "Vest-Agder"
    ],
    "Oman": [],
    "Pakistan": [
        "Azad Kashmir",
        "Baluchistan",
        "F.A.T.A.",
        "F.C.T.",
        "N.W.F.P.",
        "Northern Areas",
        "Punjab",
        "Sind"
    ],
    "Palau": [
        "Koror"
    ],
    "Palestina": [
        "Gaza",
        "West Bank"
    ],
    "Panama": [
        "Chiriquí",
        "Colón",
        "Panamá",
        "Panamá Oeste"
    ],
    "Papua New Guinea": [
        "East New Britain",
        "Madang",
        "Manus",
        "Milne Bay",
        "New Ireland"
    ],
    "Paraguay": [
        "Alto Paraguay",
        "Asunción",
        "Concepción"
    ],
    "Peru": [
        "Cusco",
        "La Libertad",
        "Lima Province",
        "Loreto"
    ],
    "Philippines": [
        "Batangas",
        "Cagayan",
        "Cebu",
        "Davao Oriental",
        "Metropolitan Manila",
        "Negros Oriental",
        "Nueva Ecija"
    ],
    "Poland": [
        "Dolnośląskie",
        "Kujawsko-Pomorskie",
        "Łódzkie",
        "Lubelskie",
        "Lubuskie",
        "Małopolskie",
        "Mazowieckie",
        "Opolskie",
        "Podkarpackie",
        "Podlaskie",
        "Pomorskie",
        "Śląskie",
        "Świętokrzyskie",
        "Warmińsko-Mazurskie",
        "Wielkopolskie",
        "Zachodniopomorskie"
    ],
    "Portugal": [
        "Aveiro",
        "Azores",
        "Braga",
        "Bragança",
        "Coimbra",
        "Évora",
        "Faro",
        "Lisboa",
        "Madeira",
        "Porto",
        "Setúbal",
        "Viseu"
    ],
    "Puerto Rico": [
        "Carolina",
        "Cidra",
        "Orocovis",
        "San Juan"
    ],
    "Qatar": [],
    "Republic of Congo": [
        "Brazzaville",
        "Kouilou",
        "Likouala"
    ],
    "Reunion": [
        "Saint-Benoît"
    ],
    "Romania": [
        "Alba",
        "Arad",
        "Argeș",
        "Bacău",
        "Bihor",
        "Botoșani",
        "Brăila",
        "Brașov",
        "Bucharest",
        "Buzău",
        "Călărași",
        "Caraș-Severin",
        "Cluj",
        "Constanța",
        "Dâmbovița",
        "Dolj",
        "Galați",
        "Gorj",
        "Harghita",
        "Hunedoara",
        "Ialomița",
        "Iași",
        "Ilfov",
        "Maramureș",
        "Mehedinți",
        "Mureș",
        "Neamț",
        "Olt",
        "Prahova",
        "Sălaj",
        "Sibiu",
        "Suceava",
        "Teleorman",
        "Timiș",
        "Tulcea",
        "Vâlcea",
        "Vaslui",
        "Vrancea"
    ],
    "Russia": [
        "Adygey",
        "Altay",
        "Amur",
        "Arkhangel'sk",
        "Astrakhan'",
        "Bashkortostan",
        "Belgorod",
        "Bryansk",
        "Buryat",
        "Chechnya",
        "Chelyabinsk",
        "Chukot",
        "Chuvash",
        "City of St. Petersburg",
        "Dagestan",
        "Gorno-Altay",
        "Ingush",
        "Irkutsk",
        "Ivanovo",
        "Kabardin-Balkar",
        "Kaliningrad",
        "Kalmyk",
        "Kaluga",
        "Kamchatka",
        "Karachay-Cherkess",
        "Karelia",
        "Kemerovo",
        "Khabarovsk",
        "Khakass",
        "Khanty-Mansiy",
        "Kirov",
        "Komi",
        "Kostroma",
        "Krasnodar",
        "Krasnoyarsk",
        "Kurgan",
        "Kursk",
        "Leningrad",
        "Lipetsk",
        "Maga Buryatdan",
        "Mariy-El",
        "Mordovia",
        "Moscow City",
        "Moskva",
        "Murmansk",
        "Nenets",
        "Nizhegorod",
        "North Ossetia",
        "Novgorod",
        "Novosibirsk",
        "Omsk",
        "Orel",
        "Orenburg",
        "Penza",
        "Perm'",
        "Primor'ye",
        "Pskov",
        "Rostov",
        "Ryazan'",
        "Sakha",
        "Sakhalin",
        "Samara",
        "Saratov",
        "Smolensk",
        "Stavropol'",
        "Sverdlovsk",
        "Tambov",
        "Tatarstan",
        "Tomsk",
        "Tula",
        "Tuva",
        "Tver'",
        "Tyumen'",
        "Udmurt",
        "Ul'yanovsk",
        "Vladimir",
        "Volgograd",
        "Vologda",
        "Voronezh",
        "Yamal-Nenets",
        "Yaroslavl'",
        "Yevrey",
        "Zabaykal'ye"
    ],
    "Russian Empire": [],
    "Rwanda": [],
    "Saint Helena": [
        "Ascension",
        "Saint Helena",
        "Tristan da Cunha"
    ],
    "Saint Lucia": [],
    "Saint Pierre and Miquelon": [
        "Miquelon-Langlade"
    ],
    "Saint Vincent and the Grenadines": [],
    "Samoa": [
        "Tuamasaga"
    ],
    "San Marino": [],
    "São Tomé and Príncipe": [
        "Príncipe"
    ],
    "Saudi Arabia": [
        "Al Hudud ash Shamaliyah",
        "Al Madinah",
        "Ar Riyad",
        "Makkah"
    ],
    "Senegal": [
        "Dakar",
        "Louga",
        "Saint-Louis"
    ],
    "Serbia": [
        "Borski",
        "Braničevski",
        "Grad Beograd",
        "Južno-Bački",
        "Južno-Banatski",
        "Kolubarski",
        "Nišavski",
        "Pčinjski",
        "Pirotski",
        "Podunavski",
        "Rasinski",
        "Raški",
        "Severno-Bački",
        "Severno-Banatski",
        "Srednje-Banatski",
        "Sremski",
        "Šumadijski",
        "Zaječarski",
        "Zapadno-Bački",
        "Zlatiborski"
    ],
    "Sierra Leone": [
        "Eastern",
        "Western"
    ],
    "Singapore": [
        "North"
    ],
    "Slovakia": [
        "Banskobystrický",
        "Bratislavský",
        "Košický",
        "Nitriansky",
        "Prešovský",
        "Trenčiansky",
        "Trnavský",
        "Žilinský"
    ],
    "Slovenia": [
        "Gorenjska",
        "Goriška",
        "Jugovzhodna Slovenija",
        "Koroška",
        "Notranjsko-kraška",
        "Osrednjeslovenska",
        "Podravska",
        "Pomurska",
        "Savinjska"
    ],
    "Solomon Islands": [],
    "Somalia": [
        "Banaadir",
        "Gedo",
        "Jubbada Hoose",
        "Shabeellaha Hoose",
        "Woqooyi Galbeed"
    ],
    "South Africa": [
        "Eastern Cape",
        "Gauteng",
        "KwaZulu-Natal",
        "Limpopo",
        "Northern Cape",
        "Western Cape"
    ],
    "South Georgia and the South Sandwich Islands": [],
    "South Korea": [
        "Busan",
        "Daegu",
        "Daejeon",
        "Gangwon-do",
        "Gyeonggi-do",
        "Gyeongsangbuk-do",
        "Incheon",
        "Jeollabuk-do",
        "Jeollanam-do",
        "Seoul"
    ],
    "South Sudan": [
        "Eastern Equatoria"
    ],
    "Soviet Union": [],
    "Spain": [
        "Andalucía",
        "Aragón",
        "Cantabria",
        "Castilla y León",
        "Castilla-La Mancha",
        "Cataluña",
        "Comunidad de Madrid",
        "Comunidad Foral de Navarra",
        "Comunidad Valenciana",
        "Extremadura",
        "Galicia",
        "Islas Baleares",
        "Islas Canarias",
        "País Vasco",
        "Principado de Asturias",
        "Región de Murcia"
    ],
    "Sri Lanka": [
        "Colombo",
        "Galle",
        "Kalutara",
        "Kandy",
        "Mannar",
        "Matara",
        "Nuwara Eliya",
        "Polonnaruwa",
        "Ratnapura"
    ],
    "Sudan": [
        "Al Jazirah",
        "Khartoum",
        "Northern",
        "Red Sea",
        "River Nile",
        "Sennar"
    ],
    "Suriname": [
        "Coronie",
        "Paramaribo"
    ],
    "Svalbard and Jan Mayen": [
        "Jan Mayen",
        "Svalbard"
    ],
    "Swaziland": [],
    "Sweden": [
        "Blekinge",
        "Dalarna",
        "Gävleborg",
        "Gotland",
        "Halland",
        "Jämtland",
        "Jönköping",
        "Kalmar",
        "Kronoberg",
        "Norrbotten",
        "Östergötland",
        "Skåne",
        "Södermanland",
        "Stockholm",
        "Uppsala",
        "Värmland",
        "Västerbotten",
        "Västmanland",
        "Västra Götaland"
    ],
    "Switzerland": [
        "Aargau",
        "Appenzell Ausserrhoden",
        "Appenzell Innerrhoden",
        "Basel-Landschaft",
        "Basel-Stadt",
        "Bern",
        "Fribourg",
        "Genève",
        "Glarus",
        "Graubünden",
        "Lucerne",
        "Neuchâtel",
        "Nidwalden",
        "Obwalden",
        "Sankt Gallen",
        "Schaffhausen",
        "Schwyz",
        "Solothurn",
        "Thurgau",
        "Ticino",
        "Uri",
        "Valais",
        "Vaud",
        "Zug",
        "Zürich"
    ],
    "Syria": [
        "Al Ḥasakah",
        "Aleppo",
        "Damascus",
        "Dar`a",
        "Dayr Az Zawr",
        "Hims",
        "Lattakia",
        "Quneitra",
        "Rif Dimashq",
        "Tartus"
    ],
    "Taiwan": [
        "New Taipei",
        "Taichung",
        "Taipei",
        "Taiwan"
    ],
    "Tajikistan": [
        "Dushanbe",
        "Gorno-Badakhshan",
        "Khatlon",
        "Leninabad",
        "Tadzhikistan Territories"
    ],
    "Tanzania": [
        "Dar es Salaam",
        "Dodoma",
        "Kigoma",
        "Kilimanjaro",
        "Mara",
        "Shinyanga",
        "Zanzibar South and Central",
        "Zanzibar West"
    ],
    "Thailand": [
        "Bangkok Metropolis",
        "Chaiyaphum",
        "Chiang Mai",
        "Chon Buri",
        "Pathum Thani",
        "Phra Nakhon Si Ayutthaya",
        "Phuket",
        "Surat Thani"
    ],
    "Timor-Leste": [],
    "Togo": [
        "Kara",
        "Maritime"
    ],
    "Tonga": [
        "Ha'apai"
    ],
    "Trinidad and Tobago": [
        "Couva-Tabaquite-Talparo"
    ],
    "Tunisia": [
        "Ben Arous (Tunis Sud)",
        "Bizerte",
        "Kairouan",
        "Mahdia",
        "Médenine",
        "Tataouine",
        "Tunis"
    ],
    "Turkey": [
        "Adana",
        "Adiyaman",
        "Afyon",
        "Agri",
        "Aksaray",
        "Amasya",
        "Ankara",
        "Antalya",
        "Ardahan",
        "Artvin",
        "Aydin",
        "Balikesir",
        "Bartın",
        "Batman",
        "Bilecik",
        "Bolu",
        "Burdur",
        "Bursa",
        "Çanakkale",
        "Denizli",
        "Diyarbakir",
        "Edirne",
        "Erzurum",
        "Gaziantep",
        "Hatay",
        "Iğdır",
        "Isparta",
        "Istanbul",
        "Izmir",
        "K. Maras",
        "Karabük",
        "Kars",
        "Kastamonu",
        "Kayseri",
        "Kocaeli",
        "Konya",
        "Kütahya",
        "Manisa",
        "Mardin",
        "Mersin",
        "Mugla",
        "Mus",
        "Nevsehir",
        "Ordu",
        "Sakarya",
        "Samsun",
        "Sanliurfa",
        "Sinop",
        "Tekirdag",
        "Trabzon",
        "Tunceli",
        "Van",
        "Yozgat",
        "Zinguldak"
    ],
    "Turkmenistan": [
        "Ahal",
        "Aşgabat",
        "Balkan",
        "Chardzhou",
        "Mary",
        "Tashauz"
    ],
    "Turks and Caicos Islands": [
        "Middle Caicos"
    ],
    "Uganda": [
        "Gulu",
        "Kampala",
        "Lake Victoria",
        "Mbarara"
    ],
    "Ukraine": [
        "Cherkasy",
        "Chernihiv",
        "Chernivtsi",
        "Crimea",
        "Dnipropetrovs'k",
        "Donets'k",
        "Ivano-Frankivs'k",
        "Kharkiv",
        "Kherson",
        "Khmel'nyts'kyy",
        "Kiev",
        "Kiev City",
        "Kirovohrad",
        "L'viv",
        "Luhans'k",
        "Mykolayiv",
        "Odessa",
        "Poltava",
        "Rivne",
        "Sevastopol'",
        "Sumy",
        "Ternopil'",
        "Transcarpathia",
        "Vinnytsya",
        "Volyn",
        "Zaporizhzhya",
        "Zhytomyr"
    ],
    "United Arab Emirates": [
        "Abu Dhabi",
        "Dubai",
        "Sharjah",
        "Umm al-Qaywayn"
    ],
    "United Kingdom": [
        "England",
        "Northern Ireland",
        "Scotland",
        "Wales"
    ],
    "United States": [
        "Alabama",
        "Alaska",
        "Arizona",
        "Arkansas",
        "California",
        "Colorado",
        "Connecticut",
        "Delaware",
        "District of Columbia",
        "Florida",
        "Georgia",
        "Hawaii",
        "Idaho",
        "Illinois",
        "Indiana",
        "Iowa",
        "Kansas",
        "Kentucky",
        "Louisiana",
        "Maine",
        "Maryland",
        "Massachusetts",
        "Michigan",
        "Minnesota",
        "Mississippi",
        "Missouri",
        "Montana",
        "Nebraska",
        "Nevada",
        "New Hampshire",
        "New Jersey",
        "New Mexico",
        "New York",
        "North Carolina",
        "North Dakota",
        "Ohio",
        "Oklahoma",
        "Oregon",
        "Pennsylvania",
        "Rhode Island",
        "South Carolina",
        "South Dakota",
        "Tennessee",
        "Texas",
        "Utah",
        "Vermont",
        "Virginia",
        "Washington",
        "West Virginia",
        "Wisconsin",
        "Wyoming"
    ],
    "Uruguay": [
        "Canelones",
        "Montevideo",
        "Rocha"
    ],
    "Uzbekistan": [
        "Andijon",
        "Bukhoro",
        "Ferghana",
        "Jizzakh",
        "Karakalpakstan",
        "Kashkadarya",
        "Khorezm",
        "Namangan",
        "Navoi",
        "Samarkand",
        "Sirdaryo",
        "Surkhandarya",
        "Tashkent",
        "Tashkent City"
    ],
    "Vanuatu": [
        "Penama"
    ],
    "Vatican City": [],
    "Venezuela": [
        "Anzoátegui",
        "Distrito Capital",
        "Guárico",
        "Lara",
        "Táchira",
        "Zulia"
    ],
    "Vietnam": [
        "Bắc Ninh",
        "Bình Thuận",
        "Đà Nẵng",
        "Điện Biên",
        "Hà Nội",
        "Hải Phòng",
        "Hồ Chí Minh",
        "Kiên Giang",
        "Ninh Bình",
        "Phú Thọ",
        "Quảng Bình",
        "Quảng Nam",
        "Quảng Trị",
        "Thanh Hóa",
        "Thừa Thiên Huế"
    ],
    "Virgin Islands, U.S.": [
        "Saint John",
        "Saint Thomas"
    ],
    "Wallis and Futuna": [
        "Alo"
    ],
    "Western Sahara": [
        "Boujdour"
    ],
    "Yemen": [
        "`Adan",
        "Al Mahrah",
        "Amanat Al Asimah",
        "Hadramawt",
        "Ibb"
    ],
    "Zambia": [
        "Copperbelt",
        "Lusaka",
        "North-Western",
        "Southern"
    ],
    "Zimbabwe": [
        "Harare",
        "Manicaland",
        "Masvingo",
        "Matabeleland South"
    ]
}